US-FED-00000367364,USA,"US Federal","US-FED-00000367364 - 6515--Automated Asset Management using RFID and BLE (VA-26-00044895)","March 12,2026",https://www.rfpmart.com/1076205-us-fed-6515--automated-asset-management-using-rfid-and-ble-va-26-00044895.html
US-FED-00000367397,USA,"US Federal","US-FED-00000367397 - Task Order Agreement (IDIQ) for Civil Construction Services at Brookhaven National Laboratory","March 6,2026",https://www.rfpmart.com/1076238-us-fed-task-order-agreement-idiq-for-civil-construction-services-at-brookhaven-national-laboratory.html
US-FED-00000367410,USA,"US Federal","US-FED-00000367410 - SSA for Working Dog Management System to K9 System","March 2,2026",https://www.rfpmart.com/1076251-us-fed-ssa-for-working-dog-management-system-to-k9-system.html
US-FED-00000367415,USA,"US Federal","US-FED-00000367415 - ESTECO Software","February 25,2026",https://www.rfpmart.com/1076256-us-fed-esteco-software.html
US-FED-00000367433,USA,"US Federal","US-FED-00000367433 - Y--WY MIRACLE MILE VAULT CONSTRUCTION","March 6,2026",https://www.rfpmart.com/1076274-us-fed-y--wy-miracle-mile-vault-construction.html
US-FED-00000367434,USA,"US Federal","US-FED-00000367434 - Electronic Takeoff and Landing Data (eTOLD) Application Software","March 6,2026",https://www.rfpmart.com/1076275-us-fed-electronic-takeoff-and-landing-data-etold-application-software.html
US-FED-00000367462,USA,"US Federal","US-FED-00000367462 - SmartUQ v.10.1 (or Higher) Software, Maintenance and Support","March 6,2026",https://www.rfpmart.com/1076303-us-fed-smartuq-v101-or-higher-software-maintenance-and-support.html
US-FED-00000367465,USA,"US Federal","US-FED-00000367465 - 36C255-26-AP-1278 MIM SOFTWARE UPGRADE SERVICE WICHITA VAMC","March 4,2026",https://www.rfpmart.com/1076306-us-fed-36c255-26-ap-1278-mim-software-upgrade-service-wichita-vamc.html
US-FED-00000367478,USA,"US Federal","US-FED-00000367478 - DEFORM SOFTWARE RENEWAL","March 6,2026",https://www.rfpmart.com/1076319-us-fed-deform-software-renewal.html
US-FED-00000367489,USA,"US Federal","US-FED-00000367489 - SolarWinds Software Licensing","February 23,2026",https://www.rfpmart.com/1076330-us-fed-solarwinds-software-licensing.html
US-FED-00000367500,USA,"US Federal","US-FED-00000367500 - GraphPad Software","March 10,2026",https://www.rfpmart.com/1076341-us-fed-graphpad-software.html
US-FED-00000367506,USA,"US Federal","US-FED-00000367506 - Intent to Sole Source - Software for LIMS System","March 1,2026",https://www.rfpmart.com/1076347-us-fed-intent-to-sole-source---software-for-lims-system.html
US-FED-00000367509,USA,"US Federal","US-FED-00000367509 - Noun_CONTROL,INTERCOMMUN_Application_B-2_NSN_5831-01-675-8445_Part_Number_DAF3374P003-101","April 15,2026",https://www.rfpmart.com/1076350-us-fed-nouncontrolintercommunapplicationb-2nsn5831-01-675-8445partnumberdaf3374p003-101.html
US-FED-00000367514,USA,"US Federal","US-FED-00000367514 - J079--Surfacide Maintenance and Software Service Plan","February 24,2026",https://www.rfpmart.com/1076355-us-fed-j079--surfacide-maintenance-and-software-service-plan.html
CONS-19371,USA,Massachusetts,"CONS-19371 - USA (Cambridge, Massachusetts) - Landscape Services","March 12,2026",https://www.rfpmart.com/1076361-usa-cambridge-massachusetts-landscape-services-rfp.html
SW-110230,USA,Texas,"SW-110230 - USA (Texas) - Cloud-based Customer Relationship Management System","March 30,2026",https://www.rfpmart.com/1076384-usa-texas-cloud-based-customer-relationship-management-system-rfp.html
SW-110216,USA,Maryland,"SW-110216 - USA (Maryland) - Capital Programs Project Management Information System ","March 13,2026",https://www.rfpmart.com/1076417-usa-maryland-capital-programs-project-management-information-system-rfp.html
CONS-19374,USA,Massachusetts,"CONS-19374 - USA (Lowell, Massachusetts) - Facility Rehabilitation and Renovations Architectural and Engineering Services ","May 7,2026",https://www.rfpmart.com/1076422-usa-lowell-massachusetts-facility-rehabilitation-and-renovations-architectural-and-engineering-services-rfp.html
MRB-52527,USA,Massachusetts,"MRB-52527 - USA (Massachusetts) - Real Estate Marketing and Brokerage Services","March 17,2026",https://www.rfpmart.com/1076424-usa-massachusetts-real-estate-marketing-and-brokerage-services-rfp.html
CONS-19373,USA,Maryland,"CONS-19373 - USA (Gaithersburg, Maryland) - Park Construction Services","March 31,2026",https://www.rfpmart.com/1076425-usa-gaithersburg-maryland-park-construction-services-rfp.html
SW-110214,USA,Florida,"SW-110214 - USA (Florida) - Global Exchange Study Abroad Software","March 25,2026",https://www.rfpmart.com/1076433-usa-florida-global-exchange-study-abroad-software-rfp.html
CONS-19375,USA,Washington,"CONS-19375 - USA (Aberdeen, Washington) - Feasibility Analysis and Site Evaluation and Engineering Study Service","March 5,2026",https://www.rfpmart.com/1076435-usa-aberdeen-washington-feasibility-analysis-and-site-evaluation-and-engineering-study-service-rfp.html
MRB-52529,Canada,"New Brunswick","MRB-52529 - Canada (New Brunswick) - RFI for Optimize Residential Curb-Side Waste Collection Strategies Service","March 29,2026",https://www.rfpmart.com/1076436-canada-new-brunswick-rfi-for-optimize-residential-curb-side-waste-collection-strategies-service-rfp.html
MOBI-1633,USA,California,"MOBI-1633 - USA (California) - Visitor Management Application Service","March 13,2026",https://www.rfpmart.com/1076438-usa-california-visitor-management-application-service-rfp.html
SW-110218,USA,California,"SW-110218 - USA (California) - Cloud-Hosted GIS-Native Asset Management Software","March 11,2026",https://www.rfpmart.com/1076440-usa-california-cloud-hosted-gis-native-asset-management-software-rfp.html
SW-110209,USA,Alabama,"SW-110209 - USA (Alabama) - Digital Photo Manager Software Support Renewal Services ","February 24,2026",https://www.rfpmart.com/1076443-usa-alabama-digital-photo-manager-software-support-renewal-services-rfp.html
EXTRA-65134,USA,Washington,"EXTRA-65134 - USA (Olympia, Washington) - Integrated Water Resource Management Service","March 6,2026",https://www.rfpmart.com/1076444-usa-olympia-washington-integrated-water-resource-management-service-rfp.html
MRB-52530,USA,"New Mexico","MRB-52530 - USA (New Mexico) - Broadcasting Services","March 23,2026",https://www.rfpmart.com/1076455-usa-new-mexico-broadcasting-services-rfp.html
SW-110220,USA,Michigan,"SW-110220 - USA (Michigan) - Cloud-Based Work Order Management System","March 17,2026",https://www.rfpmart.com/1076457-usa-michigan-cloud-based-work-order-management-system-rfp.html
SW-110221,USA,Michigan,"SW-110221 - USA (Michigan) - Cloud-Based Poll Worker Management Software","March 26,2026",https://www.rfpmart.com/1076458-usa-michigan-cloud-based-poll-worker-management-software-rfp.html
DRA-9989,USA,"New York","DRA-9989 - USA (New York) - GLOBAL - Polling and Audience Insights Service","March 12,2026",https://www.rfpmart.com/1076459-usa-new-york-global-polling-and-audience-insights-service-rfp.html
SW-110222,USA,Colorado,"SW-110222 - USA (Colorado) - RFI for Barcoding and Radio Frequency Identification Technology Solutions      ","March 6,2026",https://www.rfpmart.com/1076460-usa-colorado-rfi-for-barcoding-and-radio-frequency-identification-technology-solutions-rfp.html
SW-110223,USA,California,"SW-110223 - USA (California) - Cloud-Based Nutrition Software","March 18,2026",https://www.rfpmart.com/1076461-usa-california-cloud-based-nutrition-software-rfp.html
WD-15474,USA,Pennsylvania,"WD-15474 - USA (Pennsylvania) - GLOBAL- Website Design, Build, Hosting, Updates, Maintenance, Management, Migration, Implementing and SEO/AEO Optimization Service Using CMS","February 22,2026",https://www.rfpmart.com/1076462-usa-pennsylvania-global-website-design-build-hosting-updates-maintenance-management-migration-implementing-and-seo-aeo-optimization-service-using-cms-rfp.html
EDUCATION-15758,USA,Georgia,"EDUCATION-15758 - USA (Georgia) - Employee Engagement Survey, Leadership Training, Strategic Planning Service","February 27,2026",https://www.rfpmart.com/1076465-usa-georgia-employee-engagement-survey-leadership-training-strategic-planning-service-rfp.html
MRB-52531,USA,Colorado,"MRB-52531 - USA (Colorado) - Printed And Online Legal Publications Services","March 24,2026",https://www.rfpmart.com/1076468-usa-colorado-printed-and-online-legal-publications-services-rfp.html
EDUCATION-15755,USA,"New York","EDUCATION-15755 - USA (Goshen, New York) - Crisis Communications Training and Consulting Service","March 12,2026",https://www.rfpmart.com/1076470-usa-goshen-new-york-crisis-communications-training-and-consulting-service-rfp.html
EQU-17091,USA,Texas,"EQU-17091 - USA (Arlington, Texas) - Performative AI Lab LED Visualization System Service","March 13,2026",https://www.rfpmart.com/1076475-usa-arlington-texas-performative-ai-lab-led-visualization-system-service-rfp.html
MRB-52532,USA,Michigan,"MRB-52532 - USA (Michigan) - Tourism Campaign Effectiveness Research Service","March 5,2026",https://www.rfpmart.com/1076481-usa-michigan-tourism-campaign-effectiveness-research-service-rfp.html
MRB-52533,USA,Oregon,"MRB-52533 - USA (Oregon) - Customer Framework Service ","March 23,2026",https://www.rfpmart.com/1076485-usa-oregon-customer-framework-service-rfp.html
EXTRA-65142,USA,"North Carolina","EXTRA-65142 - USA (North Carolina) - Opioid Settlement Funding Services ","March 18,2026",https://www.rfpmart.com/1076490-usa-north-carolina-opioid-settlement-funding-services-rfp.html
HR-8619,USA,Ohio,"HR-8619 - USA (Cleveland, Ohio) - Compensation Study Service","March 6,2026",https://www.rfpmart.com/1076491-usa-cleveland-ohio-compensation-study-service-rfp.html
SW-110215,Canada,"Prince Edward Island","SW-110215 - Canada (Prince Edward Island) - Digital Signature Solution","March 20,2026",https://www.rfpmart.com/1076493-canada-prince-edward-island-digital-signature-solution-rfp.html
MRB-52525,USA,Pennsylvania,"MRB-52525 - USA (Pennsylvania) - Maternal and Child Health Projects Awareness Campaign and Ongoing Education  Services","March 23,2026",https://www.rfpmart.com/1076494-usa-pennsylvania-maternal-and-child-health-projects-awareness-campaign-and-ongoing-education-services-rfp.html
CONS-19378,USA,"North Carolina","CONS-19378 - USA (Charlotte, North Carolina) - Fleet Management EV Charger Installation Project Services - INFO ONLY, RFP NOT INCLUDED","March 17,2026",https://www.rfpmart.com/1076499-usa-charlotte-north-carolina-fleet-management-ev-charger-installation-project-services-info-only-rfp-not-included-rfp.html
ANIM-8353,USA,Texas,"ANIM-8353 - USA (Texas) - Historical Research, Graphic Design and Application Development Services","March 2,2026",https://www.rfpmart.com/1076500-usa-texas-historical-research-graphic-design-and-application-development-services-rfp.html
SW-110207,USA,California,"SW-110207 - USA (California) - Recreation Management Software","March 23,2026",https://www.rfpmart.com/1076502-usa-california-recreation-management-software-rfp.html
SW-110208,USA,"New York","SW-110208 - USA (New York) - Transcript Verification Software","March 18,2026",https://www.rfpmart.com/1076508-usa-new-york-transcript-verification-software-rfp.html
MRB-52534,USA,Ohio,"MRB-52534 - USA (Ohio) - Marketing Campaign Service","March 12,2026",https://www.rfpmart.com/1076509-usa-ohio-marketing-campaign-service-rfp.html
MRB-52517,USA,Virginia,"MRB-52517 - USA (Virginia) - Membership and Marketing Manager Services","March 31,2026",https://www.rfpmart.com/1076511-usa-virginia-membership-and-marketing-manager-services-rfp.html
MRB-52518,USA,California,"MRB-52518 - USA (California) - International Marketing Director Services","April 17,2026",https://www.rfpmart.com/1076512-usa-california-international-marketing-director-services-rfp.html
CC-3681,Canada,Ontario,"CC-3681 - Canada (Ontario) - Customer Service Associate","March 6,2026",https://www.rfpmart.com/1076514-canada-ontario-customer-service-associate-rfp.html
MRB-52519,USA,Virginia,"MRB-52519 - USA (Virginia) - Public Relations Services","March 19,2026",https://www.rfpmart.com/1076515-usa-virginia-public-relations-services-rfp.html
MRB-52520,USA,Virginia,"MRB-52520 - USA (Virginia) - Sustainable Financing Strategy Development Services","March 10,2026",https://www.rfpmart.com/1076518-usa-virginia-sustainable-financing-strategy-development-services-rfp.html
EXTRA-65144,USA,Minnesota,"EXTRA-65144 - USA (Montevideo, Minnesota) - Comprehensive Planning Consultants Service","April 1,2026",https://www.rfpmart.com/1076519-usa-montevideo-minnesota-comprehensive-planning-consultants-service-rfp.html
MRB-52521,USA,Virginia,"MRB-52521 - USA (Virginia) - Digital Billboard Advertising Services","March 1,2026",https://www.rfpmart.com/1076520-usa-virginia-digital-billboard-advertising-services-rfp.html
SW-110212,Canada,Ontario,"SW-110212 - Canada (Ontario) - Elections Voting System","March 13,2026",https://www.rfpmart.com/1076522-canada-ontario-elections-voting-system-rfp.html
SW-110213,Canada,Ontario,"SW-110213 - Canada (Ontario) - User Experience Design Software","March 24,2026",https://www.rfpmart.com/1076524-canada-ontario-user-experience-design-software-rfp.html
MRB-52523,Canada,Ontario,"MRB-52523 - Canada (Ontario) - Strategic Revenue Stream Assessment and Action Plan Services","February 27,2026",https://www.rfpmart.com/1076526-canada-ontario-strategic-revenue-stream-assessment-and-action-plan-services-rfp.html
ANIM-8355,USA,Virginia,"ANIM-8355 - USA (Virginia) - GLOBAL - Capital Campaign Graphic Design Services","March 1,2026",https://www.rfpmart.com/1076528-usa-virginia-global-capital-campaign-graphic-design-services-rfp.html
CONS-19376,USA,Kentucky,"CONS-19376 - USA (Kentucky) - Construction Trade Pipeline Program Service","March 20,2026",https://www.rfpmart.com/1076534-usa-kentucky-construction-trade-pipeline-program-service-rfp.html
MRB-52526,USA,"New York","MRB-52526 - USA (New York) - Visual Content Creator and Production Services","March 17,2026",https://www.rfpmart.com/1076536-usa-new-york-visual-content-creator-and-production-services-rfp.html
CSE-22686,USA,California,"CSE-22686 - USA (Sylmar, California) - Camera Monitoring Services","March 6,2026",https://www.rfpmart.com/1076537-usa-sylmar-california-camera-monitoring-services-rfp.html
MRB-52542,USA,California,"MRB-52542 - USA (California) - Pouring Rights and Beverage Vending Machines Service","April 8,2026",https://www.rfpmart.com/1076542-usa-california-pouring-rights-and-beverage-vending-machines-service-rfp.html
INSU-5476,USA,Maine,"INSU-5476 - USA (Maine) - Student Health and Accident Broker Services","March 19,2026",https://www.rfpmart.com/1076552-usa-maine-student-health-and-accident-broker-services-rfp.html
SW-110229,USA,Maine,"SW-110229 - USA (Maine) - Cloud-Based Athletic Enrollment Management and Electronic Records Management Solutions","March 12,2026",https://www.rfpmart.com/1076555-usa-maine-cloud-based-athletic-enrollment-management-and-electronic-records-management-solutions-rfp.html
ITES-9773,USA,Connecticut,"ITES-9773 - USA (Hartford, Connecticut) - Performance Data Provider Services","March 16,2026",https://www.rfpmart.com/1076563-usa-hartford-connecticut-performance-data-provider-services-rfp.html
SEO-2225,USA,Washington,"SEO-2225 - USA (Washington) - Local Digital Presence Optimization Services","February 25,2026",https://www.rfpmart.com/1076569-usa-washington-local-digital-presence-optimization-services-rfp.html
CSE-22684,USA,"District of Columbia","CSE-22684 - USA (Washington, DC) - Emergency Management and Physical Security Services","March 6,2026",https://www.rfpmart.com/1076571-usa-washington-dc-emergency-management-and-physical-security-services-rfp.html
EXTRA-65154,USA,California,"EXTRA-65154 - USA (Sacramento, California) - Readiness Study Service","March 24,2026",https://www.rfpmart.com/1076572-usa-sacramento-california-readiness-study-service-rfp.html
SW-110231,USA,"District of Columbia","SW-110231 - USA (Washington, DC) - On-line Federal Employment Data System","February 26,2026",https://www.rfpmart.com/1076576-usa-washington-dc-on-line-federal-employment-data-system-rfp.html
AI-0860,USA,California,"AI-0860 - USA (California) - RFI for Artificial Intelligence and Machine Learning Services","February 24,2026",https://www.rfpmart.com/1076579-usa-california-rfi-for-artificial-intelligence-and-machine-learning-services-rfp.html
TRANS-2950,USA,"District of Columbia","TRANS-2950 - USA (Washington, DC) - Transcription Services","February 27,2026",https://www.rfpmart.com/1076581-usa-washington-dc-transcription-services-rfp.html
SW-110225,USA,Texas,"SW-110225 - USA (Texas) - Software Services","May 5,2026",https://www.rfpmart.com/1076584-usa-texas-software-services-rfp.html
CONS-19377,USA,Virginia,"CONS-19377 - USA (Farmville, Virginia) - Professional Airport Planning and Engineering Services","March 26,2026",https://www.rfpmart.com/1076587-usa-farmville-virginia-professional-airport-planning-and-engineering-services-rfp.html
EXTRA-65148,USA,Maryland,"EXTRA-65148 - USA (Maryland) - RFI for Medical Countermeasure Candidate Integration and Subcontractor Management Service","March 20,2026",https://www.rfpmart.com/1076588-usa-maryland-rfi-for-medical-countermeasure-candidate-integration-and-subcontractor-management-service-rfp.html
SW-110232,USA,Virginia,"SW-110232 - USA (Virginia) - RFI for Web-Based Budget Formulation Tool","March 16,2026",https://www.rfpmart.com/1076590-usa-virginia-rfi-for-web-based-budget-formulation-tool-rfp.html
MRB-52541,USA,"New Jersey","MRB-52541 - USA (New Jersey) - RFI for Marketing, Outreach and Market Assessment Support Services","March 20,2026",https://www.rfpmart.com/1076593-usa-new-jersey-rfi-for-marketing-outreach-and-market-assessment-support-services-rfp.html
WD-15478,USA,Hawaii,"WD-15478 - USA (Hawaii) - Website Design, Develop and Implementation Services Using WordPress CMS","March 6,2026",https://www.rfpmart.com/1076594-usa-hawaii-website-design-develop-and-implementation-services-using-wordpress-cms-rfp.html
SW-110226,USA,Texas,"SW-110226 - USA (Texas) - Utility Billing Modernization Consulting Services AMI and AMR Metering Strategy Review and Customer Information System Implementation Services ","March 12,2026",https://www.rfpmart.com/1076595-usa-texas-utility-billing-modernization-consulting-services-ami-and-amr-metering-strategy-review-and-customer-information-system-implementation-services-rfp.html
WD-15479,USA,Hawaii,"WD-15479 - USA (Hawaii) - Web Design, Hosting and Maintenance Services ","March 23,2026",https://www.rfpmart.com/1076596-usa-hawaii-web-design-hosting-and-maintenance-services-rfp.html
EXTRA-65149,USA,Missouri,"EXTRA-65149 - USA (Fort Leonard Wood, Missouri) - Command and Control Digital and Simulation Support Services","March 18,2026",https://www.rfpmart.com/1076597-usa-fort-leonard-wood-missouri-command-and-control-digital-and-simulation-support-services-rfp.html
CC-3683,USA,Ohio,"CC-3683 - USA (Ohio) - 24X7X365 Complaint Telephone Hotline Answering Service","March 10,2026",https://www.rfpmart.com/1076600-usa-ohio-24x7x365-complaint-telephone-hotline-answering-service-rfp.html
MRB-52543,USA,Arkansas,"MRB-52543 - USA (Hot Springs National Park, Arkansas) - College Book Sales and Services ","March 11,2026",https://www.rfpmart.com/1076601-usa-hot-springs-national-park-arkansas-college-book-sales-and-services-rfp.html
SW-110233,USA,Kansas,"SW-110233 - USA (Kansas) - Registration System Replacement Services","April 6,2026",https://www.rfpmart.com/1076602-usa-kansas-registration-system-replacement-services-rfp.html
MRB-52535,USA,Texas,"MRB-52535 - USA (Texas) - Photography Services","April 10,2026",https://www.rfpmart.com/1076603-usa-texas-photography-services-rfp.html
MRB-52536,USA,Texas,"MRB-52536 - USA (Texas) - Elementary School Pictures Services","March 11,2026",https://www.rfpmart.com/1076605-usa-texas-elementary-school-pictures-services-rfp.html
AI-0861,USA,Ohio,"AI-0861 - USA (Ohio) - RFI for Criminal Investigation-AI Tool","March 12,2026",https://www.rfpmart.com/1076606-usa-ohio-rfi-for-criminal-investigation-ai-tool-rfp.html
MRB-52537,USA,Texas,"MRB-52537 - USA (Texas) - Event Production Services","March 12,2026",https://www.rfpmart.com/1076607-usa-texas-event-production-services-rfp.html
SW-110235,USA,Maryland,"SW-110235 - USA (Maryland) - Inspection and Imports, Recalls Compliance and Enforcement System","March 6,2026",https://www.rfpmart.com/1076609-usa-maryland-inspection-and-imports-recalls-compliance-and-enforcement-system-rfp.html
MRB-52538,USA,Ohio,"MRB-52538 - USA (Ohio) - RFI for Online and Graduate Enrolment Integrated Marketing Agency Services ","March 13,2026",https://www.rfpmart.com/1076610-usa-ohio-rfi-for-online-and-graduate-enrolment-integrated-marketing-agency-services-rfp.html
SW-110236,USA,Ohio,"SW-110236 - USA (Ohio) - Chatbot AI Powered Taxation External Facing Intelligent Agent Solution ","March 6,2026",https://www.rfpmart.com/1076611-usa-ohio-chatbot-ai-powered-taxation-external-facing-intelligent-agent-solution-rfp.html
DE-5319,USA,Missouri,"DE-5319 - USA (Missouri) - Hard Copies Record Documents Digitization Services","March 24,2026",https://www.rfpmart.com/1076616-usa-missouri-hard-copies-record-documents-digitization-services-rfp.html
SW-110210,USA,Virginia,"SW-110210 - USA (Virginia) - Tax Management System","March 10,2026",https://www.rfpmart.com/1076618-usa-virginia-tax-management-system-rfp.html
MRB-52539,USA,Oregon,"MRB-52539 - USA (Oregon) - Strategic Plan Update Services","March 4,2026",https://www.rfpmart.com/1076619-usa-oregon-strategic-plan-update-services-rfp.html
SW-110211,USA,Connecticut,"SW-110211 - USA (Connecticut) - Loan and Portfolio Management Platform","March 17,2026",https://www.rfpmart.com/1076624-usa-connecticut-loan-and-portfolio-management-platform-rfp.html
MRB-52522,USA,Connecticut,"MRB-52522 - USA (Connecticut) - State Government Relations Consulting Services","March 12,2026",https://www.rfpmart.com/1076625-usa-connecticut-state-government-relations-consulting-services-rfp.html
MRB-52540,USA,"District of Columbia","MRB-52540 - USA (Washington, DC) - Event Management Services","March 2,2026",https://www.rfpmart.com/1076628-usa-washington-dc-event-management-services-rfp.html
WD-15476,USA,Massachusetts,"WD-15476 - USA (Massachusetts) - GLOBAL - Website Redesign, Development, and User Experience Services ","March 7,2026",https://www.rfpmart.com/1076629-usa-massachusetts-global-website-redesign-development-and-user-experience-services-rfp.html
BILLING-2985,USA,Tennessee,"BILLING-2985 - USA (Tennessee) - RFI for Fleet Credit Card and Consignment Fuel Services","March 6,2026",https://www.rfpmart.com/1076633-usa-tennessee-rfi-for-fleet-credit-card-and-consignment-fuel-services-rfp.html
CONS-19380,USA,Texas,"CONS-19380 - USA (Houston, Texas) - Construction Manager-At-Risk Services","March 12,2026",https://www.rfpmart.com/1076634-usa-houston-texas-construction-manager-at-risk-services-rfp.html
SW-110227,USA,"District of Columbia","SW-110227 - USA (Washington, DC) - RFI for 3rd Party Airline Travel Information Tool","March 5,2026",https://www.rfpmart.com/1076639-usa-washington-dc-rfi-for-3rd-party-airline-travel-information-tool-rfp.html
MRB-52545,USA,Hawaii,"MRB-52545 -  USA (Hawaii) - Facilitate a Strategic Positioning Plan","March 23,2026",https://www.rfpmart.com/1076640-usa-hawaii-facilitate-a-strategic-positioning-plan-rfp.html
MRB-52546,USA,Indiana,"MRB-52546 - USA (Indiana) - Branded Promotional Items Supplies ","February 25,2026",https://www.rfpmart.com/1076641-usa-indiana-branded-promotional-items-supplies-rfp.html
MRB-52547,USA,Oklahoma,"MRB-52547 -  USA (Oklahoma) - Strategic Plan Evaluation Services ","February 27,2026",https://www.rfpmart.com/1076643-usa-oklahoma-strategic-plan-evaluation-services-rfp.html
MRB-52548,USA,Oklahoma,"MRB-52548 - USA (Oklahoma) - Visual and Performing Arts Production Services","March 10,2026",https://www.rfpmart.com/1076644-usa-oklahoma-visual-and-performing-arts-production-services-rfp.html
SW-110241,Canada,"British Columbia","SW-110241 - Canada (British Columbia) - Access Control System Implementation Service - INFO ONLY, RFP NOT INCLUDED","March 12,2026",https://www.rfpmart.com/1076645-canada-british-columbia-access-control-system-implementation-service-info-only-rfp-not-included-rfp.html
MRB-52549,USA,Texas,"MRB-52549 - USA (Texas) - Event Entertainment Services ","March 3,2026",https://www.rfpmart.com/1076646-usa-texas-event-entertainment-services-rfp.html
MRB-52550,USA,Georgia,"MRB-52550 - USA (Georgia) - Public Relations Services","March 4,2026",https://www.rfpmart.com/1076647-usa-georgia-public-relations-services-rfp.html
MRB-52551,USA,Texas,"MRB-52551 - USA (Texas) - Integrated Advertising Media Planning, Production, Branding and Event Services","March 27,2026",https://www.rfpmart.com/1076648-usa-texas-integrated-advertising-media-planning-production-branding-and-event-services-rfp.html
MRB-52553,USA,"New Hampshire","MRB-52553 - USA (New Hampshire) - Targeted Public Health Strategies Services","March 20,2026",https://www.rfpmart.com/1076651-usa-new-hampshire-targeted-public-health-strategies-services-rfp.html
MRB-52552,USA,Hawaii,"MRB-52552 - USA (Hawaii) - In-Person Event Planning Services ","February 27,2026",https://www.rfpmart.com/1076656-usa-hawaii-in-person-event-planning-services-rfp.html
SW-110237,USA,Hawaii,"SW-110237 - USA (Hawaii) - RFI for Project Management Information Systems ","March 10,2026",https://www.rfpmart.com/1076658-usa-hawaii-rfi-for-project-management-information-systems-rfp.html
SW-110238,USA,Oklahoma,"SW-110238 - USA (Oklahoma) - Data Platform Solution","March 12,2026",https://www.rfpmart.com/1076660-usa-oklahoma-data-platform-solution-rfp.html
MRB-52524,USA,"New Hampshire","MRB-52524 - USA (New Hampshire) - Video Series Services","March 20,2026",https://www.rfpmart.com/1076661-usa-new-hampshire-video-series-services-rfp.html
SW-110239,USA,Ohio,"SW-110239 - USA (Ohio) - Adobe Acrobat Pro Subscription Services ","February 24,2026",https://www.rfpmart.com/1076664-usa-ohio-adobe-acrobat-pro-subscription-services-rfp.html
SW-110240,USA,Ohio,"SW-110240 - USA (Ohio) - Share-Gate Renewal Services ","March 11,2026",https://www.rfpmart.com/1076666-usa-ohio-share-gate-renewal-services-rfp.html
MRB-52528,USA,"New Mexico","MRB-52528 - USA (New Mexico) - Broadcasting Services for Athletic Department","March 23,2026",https://www.rfpmart.com/1076670-usa-new-mexico-broadcasting-services-for-athletic-department-rfp.html
MRB-52556,USA,"North Dakota","MRB-52556 - USA (North Dakota) - Name Badge, Plaques, Trophies, Misc Services ","March 9,2026",https://www.rfpmart.com/1076672-usa-north-dakota-name-badge-plaques-trophies-misc-services-rfp.html
SW-110244,USA,Georgia,"SW-110244 - USA (Georgia) - Enterprise Virtualization Infrastructure Refresh Services ","March 10,2026",https://www.rfpmart.com/1076673-usa-georgia-enterprise-virtualization-infrastructure-refresh-services-rfp.html
ESTATE-10951,USA,"District of Columbia","ESTATE-10951 - USA (Washington, DC) - Employee Benefits Broker Services","March 20,2026",https://www.rfpmart.com/1076676-usa-washington-dc-employee-benefits-broker-services-rfp.html
CSE-22688,USA,Massachusetts,"CSE-22688 - USA (New Bedford, Massachusetts) - Camera Equipment Replacement Service - INFO ONLY, RFP NOT INCLUDED","March 5,2026",https://www.rfpmart.com/1076677-usa-new-bedford-massachusetts-camera-equipment-replacement-service-info-only-rfp-not-included-rfp.html
MRB-52555,USA,Massachusetts,"MRB-52555 - USA (Massachusetts) - Bookstore Operations Service ","March 10,2026",https://www.rfpmart.com/1076683-usa-massachusetts-bookstore-operations-service-rfp.html
SW-110242,Canada,Saskatchewan,"SW-110242 - Canada (Saskatchewan) - Oracle Utilities Work and Asset Cloud Implementation Solution","March 17,2026",https://www.rfpmart.com/1076684-canada-saskatchewan-oracle-utilities-work-and-asset-cloud-implementation-solution-rfp.html
MRB-52554,Canada,Saskatchewan,"MRB-52554 - Canada (Saskatchewan) - 50th Anniversary Commemorative Magazine Development, Design, And Production Service","March 12,2026",https://www.rfpmart.com/1076686-canada-saskatchewan-50th-anniversary-commemorative-magazine-development-design-and-production-service-rfp.html
SW-110217,USA,Washington,"SW-110217 - USA (Washington) - Public Address System","March 5,2026",https://www.rfpmart.com/1076687-usa-washington-public-address-system-rfp.html
SW-110219,USA,Maryland,"SW-110219 - USA (Maryland) - Trial Trove Software Subscription","February 23,2026",https://www.rfpmart.com/1076691-usa-maryland-trial-trove-software-subscription-rfp.html
CONS-19383,USA,Connecticut,"CONS-19383 - USA (New Milford, Connecticut) - Architectural and Engineering Services","March 12,2026",https://www.rfpmart.com/1076697-usa-new-milford-connecticut-architectural-and-engineering-services-rfp.html
EXTRA-65162,USA,Florida,"EXTRA-65162 - USA (Tampa, Florida) - General Airport Planning Consultant and Master Plan Update Service","April 3,2026",https://www.rfpmart.com/1076700-usa-tampa-florida-general-airport-planning-consultant-and-master-plan-update-service-rfp.html
INSU-5477,USA,Florida,"INSU-5477 - USA (DeFuniak Springs, Florida) - Property and Casualty Insurance Brokerage Services","March 16,2026",https://www.rfpmart.com/1076702-usa-defuniak-springs-florida-property-and-casualty-insurance-brokerage-services-rfp.html
EXTRA-65173,USA,Connecticut,"EXTRA-65173 - USA (Westport, Connecticut) - Plan Conservation and Development Service","March 13,2026",https://www.rfpmart.com/1076705-usa-westport-connecticut-plan-conservation-and-development-service-rfp.html
CONS-19384,USA,Georgia,"CONS-19384 - USA (Georgia) - Program Management Support Services ","March 20,2026",https://www.rfpmart.com/1076708-usa-georgia-program-management-support-services-rfp.html
EXTRA-65164,USA,Florida,"EXTRA-65164 - USA (Miami, Florida) - Commuter Services","February 26,2026",https://www.rfpmart.com/1076711-usa-miami-florida-commuter-services-rfp.html
CONS-19379,USA,Florida,"CONS-19379 - USA (Sarasota, Florida) - Construction Engineering and Inspection Services","February 25,2026",https://www.rfpmart.com/1076713-usa-sarasota-florida-construction-engineering-and-inspection-services-rfp.html
CONS-19381,USA,Florida,"CONS-19381 - USA (Palm Beach, Florida) - Assessment, Remedial Engineering and Environmental Services","April 3,2026",https://www.rfpmart.com/1076715-usa-palm-beach-florida-assessment-remedial-engineering-and-environmental-services-rfp.html
WD-15477,USA,Arizona,"WD-15477 - USA (Arizona) - Website Design and Development Services - INFO ONLY, RFP NOT INCLUDED","February 23,2026",https://www.rfpmart.com/1076717-usa-arizona-website-design-and-development-services-info-only-rfp-not-included-rfp.html
WD-15480,USA,Michigan,"WD-15480 - USA (Michigan) - Website Redesign Support Service","March 6,2026",https://www.rfpmart.com/1076719-usa-michigan-website-redesign-support-service-rfp.html
SW-110246,Canada,Quebec,"SW-110246 - Canada (Quebec) - Automatic Identification Technology Solution - INFO ONLY, RFP NOT INCLUDED","March 3,2026",https://www.rfpmart.com/1076720-canada-quebec-automatic-identification-technology-solution-info-only-rfp-not-included-rfp.html
MRB-52557,Canada,Ontario,"MRB-52557 - Canada (Ontario) - Strategic Advisory Support Service","March 9,2026",https://www.rfpmart.com/1076722-canada-ontario-strategic-advisory-support-service-rfp.html
SEO-2226,USA,Michigan,"SEO-2226 - USA (Michigan) - Digital Marketing Support Service","March 6,2026",https://www.rfpmart.com/1076723-usa-michigan-digital-marketing-support-service-rfp.html
CONS-19382,USA,"South Carolina","CONS-19382 - USA (Charleston, South Carolina) - Transportation Sales Tax Allocation Project Engineering Services - INFO ONLY, RFP NOT INCLUDED  ","March 20,2026",https://www.rfpmart.com/1076724-usa-charleston-south-carolina-transportation-sales-tax-allocation-project-engineering-services-info-only-rfp-not-included-rfp.html
SW-110228,USA,"West Virginia","SW-110228 - USA (West Virginia) - ICAD Licensing Renewal and Call Center Technical Support Services","March 3,2026",https://www.rfpmart.com/1076725-usa-west-virginia-icad-licensing-renewal-and-call-center-technical-support-services-rfp.html
SW-110247,USA,Illinois,"SW-110247 - USA (Illinois) - Cloud-Based Immunization Information System","April 29,2026",https://www.rfpmart.com/1076726-usa-illinois-cloud-based-immunization-information-system-rfp.html
WD-15481,USA,"South Carolina","WD-15481 - USA (South Carolina) - Web Content Filtering Service","March 5,2026",https://www.rfpmart.com/1076728-usa-south-carolina-web-content-filtering-service-rfp.html
MRB-52559,USA,Illinois,"MRB-52559 - USA (Illinois) - Branding and Identity Plan Service","March 20,2026",https://www.rfpmart.com/1076731-usa-illinois-branding-and-identity-plan-service-rfp.html
SW-110234,USA,Massachusetts,"SW-110234 - USA (Massachusetts) - Reminder and Texting Solution for Participants","March 31,2026",https://www.rfpmart.com/1076732-usa-massachusetts-reminder-and-texting-solution-for-participants-rfp.html
MRB-52558,USA,Illinois,"MRB-52558 - USA (Illinois) - Branding and Identity Plan Service","March 20,2026",https://www.rfpmart.com/1076734-usa-illinois-branding-and-identity-plan-service-rfp.html
EQU-17098,USA,Pennsylvania,"EQU-17098 - USA (Allentown, Pennsylvania) - Drone and Aerial Systems Technology Curriculum and Instructional Solution","March 6,2026",https://www.rfpmart.com/1076735-usa-allentown-pennsylvania-drone-and-aerial-systems-technology-curriculum-and-instructional-solution-rfp.html
DISPOS-8675,USA,Utah,"DISPOS-8675 - USA (West Jordan, Utah) - Trip Hazard Removal Service","March 10,2026",https://www.rfpmart.com/1076738-usa-west-jordan-utah-trip-hazard-removal-service-rfp.html
SW-110243,USA,Utah,"SW-110243 - USA (Utah) - Management Licenses and Chromebooks Supplies","February 27,2026",https://www.rfpmart.com/1076745-usa-utah-management-licenses-and-chromebooks-supplies-rfp.html
WD-15482,USA,Illinois,"WD-15482 - USA (Illinois) - UI/UX Design Services","March 24,2026",https://www.rfpmart.com/1076750-usa-illinois-ui-ux-design-services-rfp.html
MRB-52560,USA,Utah,"MRB-52560 - USA (Utah) - Yearbook Production Service","March 3,2026",https://www.rfpmart.com/1076753-usa-utah-yearbook-production-service-rfp.html
MRB-52544,USA,Texas,"MRB-52544 - USA (Texas) - Promotional Items for the Talent Acquisition Team","March 13,2026",https://www.rfpmart.com/1076755-usa-texas-promotional-items-for-the-talent-acquisition-team-rfp.html
ITES-9774,USA,Illinois,"ITES-9774 - USA (Jonesboro, Illinois) - Information Technology Services	","March 16,2026",https://www.rfpmart.com/1076756-usa-jonesboro-illinois-information-technology-services-rfp.html
SW-110248,USA,Mississippi,"SW-110248 - USA (Mississippi) - Cybersecurity Monitoring and Incident Response Managed Solution","March 9,2026",https://www.rfpmart.com/1076758-usa-mississippi-cybersecurity-monitoring-and-incident-response-managed-solution-rfp.html
DRA-9993,Canada,"British Columbia","DRA-9993 - Canada (Surrey, British Columbia) - Quantity Surveying and Construction Estimator Services","March 20,2026",https://www.rfpmart.com/1076762-canada-surrey-british-columbia-quantity-surveying-and-construction-estimator-services-rfp.html
BANKING-8544,USA,Pennsylvania,"BANKING-8544 - USA (Philadelphia, Pennsylvania) - Banking and Investment Services","March 27,2026",https://www.rfpmart.com/1076763-usa-philadelphia-pennsylvania-banking-and-investment-services-rfp.html
MRB-52561,USA,Michigan,"MRB-52561 - USA (Michigan) - Farmers Market Visioning and Engagement Service","April 8,2026",https://www.rfpmart.com/1076771-usa-michigan-farmers-market-visioning-and-engagement-service-rfp.html
EXTRA-65171,USA,Arizona,"EXTRA-65171 - USA (Bullhead, Arizona) - Regional Transportation Plan Service","April 28,2026",https://www.rfpmart.com/1076776-usa-bullhead-arizona-regional-transportation-plan-service-rfp.html
SW-110250,USA,California,"SW-110250 - USA (California) - Autodesk Licenses Services ","March 20,2026",https://www.rfpmart.com/1076778-usa-california-autodesk-licenses-services-rfp.html
SW-110251,USA,"New York","SW-110251 - USA (New York) - Electronic Health Records Software","March 13,2026",https://www.rfpmart.com/1076781-usa-new-york-electronic-health-records-software-rfp.html
SW-110252,USA,Ohio,"SW-110252 - USA (Columbus, Ohio) - Automated Arc Melting Services","March 11,2026",https://www.rfpmart.com/1076783-usa-columbus-ohio-automated-arc-melting-services-rfp.html
CONS-19385,USA,Illinois,"CONS-19385 - USA (Urbana, Illinois) - Professional Engineering Services","March 27,2026",https://www.rfpmart.com/1076796-usa-urbana-illinois-professional-engineering-services-rfp.html
SW-110249,USA,Oklahoma,"SW-110249 - USA (Oklahoma) - Digital Practice and Remediation Tools ","March 25,2026",https://www.rfpmart.com/1076801-usa-oklahoma-digital-practice-and-remediation-tools-rfp.html
MRB-52562,USA,Washington,"MRB-52562 - USA (Washington) - Legal Notice Publications Service","March 10,2026",https://www.rfpmart.com/1076804-usa-washington-legal-notice-publications-service-rfp.html
EQU-17100,USA,Michigan,"EQU-17100 - USA (Michigan) - Irrigation System Start-Up Services","March 18,2026",https://www.rfpmart.com/1076807-usa-michigan-irrigation-system-start-up-services-rfp.html
LEGAL-16335,USA,California,"LEGAL-16335 - USA (California) - Employment Matters Outside Counsel Service","March 28,2026",https://www.rfpmart.com/1076811-usa-california-employment-matters-outside-counsel-service-rfp.html
SW-110253,USA,California,"SW-110253 - USA (California) - Air table Enterprise and Portal Licenses Service","February 27,2026",https://www.rfpmart.com/1076812-usa-california-air-table-enterprise-and-portal-licenses-service-rfp.html
CONS-19386,USA,Wisconsin,"CONS-19386 - USA (Shorewood, Wisconsin) - Architectural Design, Construction Documents and Construction Administration Service","March 21,2026",https://www.rfpmart.com/1076818-usa-shorewood-wisconsin-architectural-design-construction-documents-and-construction-administration-service-rfp.html
CONS-19387,USA,Colorado,"CONS-19387 - USA (Silverthorne, Colorado) - Engineering, Design, And Construction Service","March 6,2026",https://www.rfpmart.com/1076819-usa-silverthorne-colorado-engineering-design-and-construction-service-rfp.html
